{
  "e": 0.11138509385760302,
  "a": 0.09718982561368433,
  "r": 0.07035432633566589,
  "o": 0.07028768188381651,
  "i": 0.06146839942241475,
  "t": 0.054181939353548814,
  "l": 0.05404865044985005,
  "n": 0.04940575363767633,
  "s": 0.04645118293902033,
  "d": 0.04207486393424414,
  "y": 0.039897811840497614,
  "u": 0.03905364878373875,
  "c": 0.03465511496167944,
  "p": 0.03207819615683661,
  "m": 0.03125624791736088,
  "h": 0.030167721870487614,
  "g": 0.026746640008885925,
  "b": 0.025813617682994557,
  "k": 0.020793068977007664,
  "f": 0.01628346106853271,
  "w": 0.015816949905587026,
  "v": 0.011773853160057758,
  "z": 0.007797400866377874,
  "x": 0.004820615350438743,
  "j": 0.004198600466511163,
  "q": 0.001999333555481506
}